Year Mo Da Ho Mi Se,Epicentral area,NMDP,Lat,Lon,Io,Mw
1046 11 09,Trentino,2,,,,
1065 03 27,Brescia,2,45.539,10.22,7,5.1
1065 03 27 16 45,Brescia,,,,,
1117 01 03 15 15,Veronese,55,45.267,11.015,9,6.52
1117 01 03 15 15,Monti Pisani,5,,,,
1148,Firenze,1,43.773,11.257,7,5.1
1168 01 10,Pisa,1,43.718,10.402,05/06/20,4.4
1174 08 17 18,Val Padana,3,44.494,11.343,04/05/20,3.93
1182 08 15,Genova,1,44.419,8.898,6,4.63
1183 12,Verona,1,45.439,10.994,06/07/20,4.86
1194,Galeata,3,44.067,12.078,06/07/20,4.86
1196,Pistoia,1,43.933,10.915,6,4.63
1217 01 08,Genova,1,44.419,8.898,05/06/20,4.4
1222 12 25 12 30,Bresciano-Veronese,18,45.533,10.623,07/08/20,5.68
1234 03 20,Ferrara,1,44.835,11.62,7,5.1
1242 10 24,Vicenza,1,45.548,11.546,05/06/20,4.4
1249 09,Modena,2,44.647,10.926,06/07/20,4.86
1276 07 29 18 30,Monferrato,9,44.627,8.482,5,4.81
1279 04 30,Appennino forlivese,5,44.13,11.919,07/08/20,5.52
1280 01 25,Pianura emiliana,2,44.814,10.683,05/06/20,4.4
1285 12 13,Ferrara,2,44.835,11.62,7,5.1
1293 03,Pistoia,1,43.933,10.915,8,5.56
1304 10 23 00 45,Pianura emiliana,4,,,,
1304 12 18 02,Pianura lombarda,1,45.352,8.954,05/06/20,4.4
1306 07,Lucca,1,43.843,10.505,6,4.63
1312 10 14 11 15,Pianura lombarda,1,45.352,8.954,5,4.16
1320 12 16,Siena,1,43.318,11.332,7,5.1
1322,Pisa,1,43.718,10.402,05/06/20,4.4
1323 02 25 19,Bologna,2,44.57,11.134,5,4.16
1325 05 21,Firenze,1,43.773,11.257,05/06/20,4.4
1334 12 04,Verona,1,45.439,10.994,06/07/20,4.86
1339 11 16 14 10,Ferrara,1,44.835,11.62,6,4.63
1344 11 11,Parma,1,44.801,10.33,5,4.16
1345 01 31,Pianura emiliana,1,44.81,10.564,05/06/20,4.4
1345 09 12,Firenze,1,43.773,11.257,6,4.63
1345 12 22,Firenze,1,43.773,11.257,6,4.63
1346 02 08,Modena,1,44.647,10.926,5,4.16
1361 12 27,Siena,1,43.318,11.332,06/07/20,4.86
1365 03 04,Pianura Veneta,4,45.337,12.019,5,4.63
1365 07 25 18,Bologna,1,44.494,11.343,07/08/20,5.33
1365 09 21 05 45,Verona,2,45.439,10.994,05/06/20,4.4
1369 02 01,Alessandria,2,44.913,8.615,06/07/20,4.86
1373 01,Vicenza,1,45.548,11.546,05/06/20,4.4
1373 04,Vicenza,1,45.548,11.546,05/06/20,4.4
1376 03 12 01 15,Vicenza,1,45.548,11.546,06/07/20,4.86
1376 03 15,Vicenza,1,45.548,11.546,05/06/20,4.4
1383 07 24 20,Parma,2,44.801,10.33,04/05/20,3.93
1383 08 04,Forlì,1,44.222,12.04,07/08/20,5.33
1384 02 04 05 05,Firenze,1,43.773,11.257,5,4.16
1384 02 04 17 10,Firenze,1,43.773,11.257,5,4.16
1393 06 15,Appennino forlivese,1,43.996,11.912,7,5.1
1396 11 26,Monza,1,45.584,9.274,07/08/20,5.33
1399 07 20 23,Appennino modenese,6,44.441,10.925,7,5.1
1400 02 29 19 15,Bologna,1,44.494,11.343,5,4.16
1400 03 03 12 15,Bologna,1,44.494,11.343,5,4.16
1402,Verona,1,45.439,10.994,6,4.63
1408 01 03 16 30,Bologna,2,44.494,11.343,4,3.7
1409 08 17 00 35,Ferrara,1,44.835,11.62,6,4.63
1409 11 15 11 15,Parma,1,44.801,10.33,7,5.1
1410 05 09 22 30,Ferrara,1,44.835,11.62,06/07/20,4.86
1410 06 10 21,Verona,5,,,,
1411 01 09 02,Ferrara,1,44.835,11.62,7,5.1
1414 08 07,Colline Metallifere,8,43.27,11.121,07/08/20,5.7
1420,Siena,1,43.318,11.332,05/06/20,4.4
1424 10 20,Appennino tosco-romagnolo,1,44.172,11.947,5,4.16
1425 08 10,Ferrarese,2,44.835,11.62,6,4.63
1426,Firenze,1,43.773,11.257,05/06/20,4.4
1428 07 03 05,Forlivese,6,44.146,12.046,07/08/20,5.47
1429 06 26,Siena,1,43.318,11.332,5,4.16
1430 08 13 00 40,Siena,1,43.318,11.332,5,4.16
1433 05 04 08 05,Bologna,4,44.494,11.343,6,4.63
1436 03,Siena,1,43.318,11.332,06/07/20,4.86
1438 06 11 02,Parmense,4,44.844,10.239,8,5.56
1445 03 21 13 30,Verona,1,45.439,10.994,05/06/20,4.4
1453 09 28 22 45,Fiorentino,5,43.783,11.287,07/08/20,5.38
1455 02 06,Appennino bolognese,2,,,,
1455 12 20 20 45,Appennino bolognese,5,44.494,11.343,05/06/20,4.4
1464 03 24,Garfagnana,2,43.996,10.457,5,4.16
1465 04 07 15 30,Pianura emiliana,5,44.698,10.631,05/06/20,4.4
1467 08 22 20 20,Siena,1,43.318,11.332,05/06/20,4.4
1467 09 03,Siena,1,43.318,11.332,06/07/20,4.86
1469 04 07 06 25,Firenze,1,43.773,11.257,5,4.16
1470 04 11,Appennino bolognese,1,44.162,11.037,8,5.56
1471,Brescia,1,45.539,10.22,4,3.7
1471 08 15 16 40,Brescia,1,45.539,10.22,5,4.16
1473 05 07 07 45,Milanese,5,45.464,9.191,4,3.7
1474 03 11 20 30,Modena,3,44.647,10.926,5,4.16
1479 10 10 22,Forlì,2,44.222,12.04,5,4.16
1481 02 06 21 15,Monti Pisani,4,43.781,10.454,05/06/20,4.4
1481 02 07 06 20,Lucca,1,43.843,10.505,05/06/20,4.4
1481 02 07 22 45,Pianura emiliana,2,44.724,10.628,5,4.16
1481 05 07 14 15,Lunigiana,6,44.274,10.13,8,5.6
1483 03 03 22,Ferrara,1,44.835,11.62,05/06/20,4.4
1483 08 11 19 40,Romagna,14,44.155,12.229,8,5.69
1485,Reggio nell'Emilia,1,44.698,10.631,5,4.16
1485 09 01,Pianura padano-veneta,4,45.355,11.721,5,4.16
1486 09 30,Siena,1,43.318,11.332,05/06/20,4.4
1487 01 11 15 40,Ferrara,2,44.835,11.62,4,3.7
1491 01 24 23 50,Padova,1,45.407,11.875,06/07/20,4.86
1492 01,Forlì,1,44.222,12.04,06/07/20,4.86
1496 06 04 08 30,Siena,1,43.318,11.332,7,5.1
1496 06 04,Siena,1,43.318,11.332,5,4.16
1497 03 03,Lunigiana,1,,,,
1501 06 05 10,Modenese,17,44.519,10.844,9,6.05
1502 05 15,Valle Stura,1,44.331,7.487,5,4.16
1504 11 01,Casentino,2,43.697,11.816,7,5.1
1504 12 31 04,Bolognese,15,44.494,11.343,6,5.02
1505 01 03 02,Bolognese,31,44.507,11.23,8,5.62
1505 01 20 23 50,Bolognese,11,44.494,11.343,05/06/20,4.76
1505 01 27 02 40,Bolognese,2,44.494,11.343,5,4.16
1505 04 03 12 25,Bolognese,1,44.494,11.343,05/06/20,4.4
1505 05 15,Bolognese,1,44.494,11.343,05/06/20,4.4
1508 10 18,Ferrarese,1,44.835,11.62,4,3.7
1508 10 26,Ferrarese,1,44.835,11.62,5,4.16
1509 04 19,Faentino,5,44.323,11.864,7,5.02
1512 02 08,Valchiavenna,1,46.322,9.402,6,4.63
1513 02 10,Alessandria,1,44.913,8.615,5,4.16
1515 10 25 12 35,Pianura Padana,5,,,,
1516 05 20 23,Pianura Padana,4,,,,
1520 02 18 04 30,Bresciano-Veronese,2,,,,
1521 01 26 10 30,Bresciano,1,,,,
1522 10 05 00 10,Pianura Padana,6,44.982,10.05,5,4.71
1527 10 04,Pistoia,1,43.933,10.915,07/08/20,5.33
1536 08 10 23,Genova,1,44.419,8.898,6,4.63
1536 08 17 00 05,Appennino settentrionale,10,44.365,10.934,06/07/20,5.12
1537 11,Savona,1,44.307,8.48,6,4.63
1540 09 01 08 10,Brescia,1,45.539,10.22,5,4.16
1541 10 22 18,Valle Scrivia,9,44.761,8.909,7,5.26
1542 05 13 19 40,Piemonte,1,,,,
1542 06 13 02 15,Mugello,46,44.006,11.385,9,6.02
1545 06 09 15 45,Val di Taro,5,44.473,9.825,07/08/20,5.38
1547 02 10 13 20,Reggiano,7,44.698,10.631,7,5.1
1547 03 24,Reggiano,1,44.698,10.631,05/06/20,4.4
1547 07 31,Savona,1,44.307,8.48,05/06/20,4.4
1549 05 08,Livorno,2,43.551,10.309,06/07/20,4.86
1549 05 13 08 30,Liguria occidentale,6,44.517,7.752,04/05/20,4.37
1550 02 28 16,Cuneo,1,44.389,7.547,06/07/20,4.86
1551 09 26 16 30,Firenze,1,43.773,11.257,05/06/20,4.4
1554 11 27 18 30,Firenze,1,43.773,11.257,06/07/20,4.86
1558 04 13 09,Valdarno superiore,29,43.456,11.564,9,5.97
1561 11 24 01 25,Ferrarese,3,44.781,11.454,05/06/20,4.4
1570 11 17 19 10,Ferrarese,58,44.824,11.632,07/08/20,5.44
1572 06 04 22,Parmense,5,44.85,10.422,6,4.63
1574 03 17 03 40,Finale Emilia,4,44.833,11.294,6,4.63
1575 06 14 16,Siena,1,43.318,11.332,06/07/20,4.86
1576 09 26 05 10,Bergamo,1,45.694,9.671,05/06/20,4.4
1584 09 10 20 30,Appennino forlivese,17,43.862,11.992,9,5.97
1586 01 12,Parmense,1,44.866,10.061,5,4.16
1591 05 24,Reggio nell'Emilia,1,44.698,10.631,6,4.63
1591 07 10,Romagna,6,44.401,12.035,06/07/20,5.13
1593 03 08,Bergamo,1,45.694,9.671,06/07/20,4.86
1594 10 03,Ferrara,1,44.835,11.62,5,4.16
1597 08 03 23 40,Mugello,24,43.987,11.429,07/08/20,5.28
1599 11 16,Casentino,2,43.774,11.716,7,5.1
1600 07 06,Firenze,1,43.773,11.257,6,4.63
1600 10 28,Reggio nell'Emilia,1,44.698,10.631,07/08/20,5.33
1603 01 25,Siena,1,43.318,11.332,05/06/20,4.4
1606 08 22,Bergamo,1,45.694,9.671,06/07/20,4.86
1606 12 12,Padova,1,45.407,11.875,5,4.16
1607 12 31,Reggio nell'Emilia,1,44.698,10.631,5,4.16
1608 01 06 22 20,Reggio nell'Emilia,2,44.698,10.631,05/06/20,4.4
1609,Valdelsa,3,43.421,11.114,05/06/20,4.4
1610 05 14,Liguria occidentale,2,44.307,8.48,4,3.7
1611 09 08 22 10,Mugello,4,44.01,11.359,7,5.1
1620 06 22,Ravennate,2,44.517,12.017,06/07/20,4.86
1624 03 19,Argenta,18,44.642,11.848,07/08/20,5.43
1628 11 04 15 40,Parma,1,44.801,10.33,06/07/20,4.86
1628 11 04 15 40,Parma,1,,,,
1630 05,Pistoiese,1,43.903,10.69,05/06/20,4.4
1637 11 20,Chiavari,1,44.317,9.322,05/06/20,4.4
1638 04,Siena,1,43.318,11.332,05/06/20,4.4
1639 04 06,Finale Emilia,1,44.833,11.294,07/08/20,5.33
1641 06 08,Lunigiana,1,44.377,9.882,6,4.63
1642 06 13,Pianura lombarda,8,45.437,9.667,6,4.92
1644 05 09,Frignano,1,44.245,10.952,06/07/20,4.86
1646 02 22,Padova,1,45.407,11.875,5,4.16
1646 04 05 16 15,Livorno,2,43.551,10.309,6,4.63
1646 05 30 01,Mantovano,2,45.158,10.794,4,3.7
1648 01 13 18,Pistoia,1,43.933,10.915,05/06/20,4.4
1653 04 19 04 15,Reggiano,4,44.814,10.504,05/06/20,4.4
1653 08 15,Romagna,3,44.216,12.055,05/06/20,4.4
1655 03 25,Appennino forlivese,1,44.06,11.842,6,4.63
1661 03 12,Prealpi bergamasche,4,45.705,9.799,06/07/20,4.86
1661 03 21 23,Modenese,4,44.734,10.863,06/07/20,4.86
1661 03 22 12 50,Appennino forlivese,79,44.021,11.898,9,6.05
1662 12 29,Padova,1,45.407,11.875,5,4.16
1666 04 14 18 58,Bolognese,3,44.639,11.114,5,4.16
1671 06 20 10,Modenese-Reggiano,8,44.674,10.866,7,5.27
1678 07 15,Ferrara,1,44.835,11.62,5,4.16
1680 04 30 11,Valle Scrivia,1,44.688,8.803,7,5.1
1683 05 25,Valli Giudicarie,4,46.025,10.864,05/06/20,4.4
1688 04 11 12 20,Romagna,39,44.39,11.942,08/09/20,5.84
1688 08 19 05 45,Faentino,1,44.288,11.881,5,4.16
1689 03 19,Faentino,3,44.281,12.107,4,3.7
1693 07 06 09 15,Mantovano,13,45.28,10.644,7,5.23
1695 02 25 05 30,Asolano,107,45.861,11.91,10,6.4
1695 02 28,Ferrara,1,44.835,11.62,05/06/20,4.4
1697 06 18,Val di Pesa,2,43.67,11.09,05/06/20,4.4
1697 09 20 15 50,Siena,2,43.318,11.332,05/06/20,4.4
1697 09 20 16 50,Siena,2,43.318,11.332,06/07/20,4.86
1697 09 30 12 15,Siena,2,43.318,11.332,06/07/20,4.86
1697 10 01,Siena,2,43.318,11.332,6,4.63
1697 10 28 01,Siena,2,43.318,11.332,6,4.63
1697 12 20 19 45,Siena,2,43.318,11.332,6,4.63
1703 09 16 17,Faentino,1,44.288,11.881,6,4.63
1703 12 21 21,Piemonte-Liguria,3,44.542,8.529,4,3.7
1704 05 13 12 15,Riviera Ligure,4,44.298,8.574,5,4.16
1704 05 14 00 45,Riviera Ligure,2,44.363,8.689,5,4.16
1705 04 14 19 20,Senese,2,43.318,11.332,4,3.7
1711 05 21,Vicentino,2,45.548,11.546,4,3.7
1719 12 12 19,Valli Giudicarie,2,45.803,10.671,5,4.16
1720 01 10,Toscana settentrionale,3,44.037,10.142,04/05/20,3.93
1724 12 11 20,Colline Metallifere,5,43.206,11.008,7,5.1
1725 10 29 17 40,Appennino tosco-emiliano,28,44.207,11.573,8,5.67
1726 01 28 21,Appennino bolognese,1,44.359,11.63,06/07/20,4.86
1727 03 09 11,Mugello,6,44.057,11.367,06/07/20,4.93
1728 02 04 03,Bolognese,2,44.398,11.59,05/06/20,4.4
1729 06 23,Casentino,7,43.773,11.486,6,4.63
1730 03 29 00 05,Versilia,4,43.877,10.272,4,3.7
1731 12 09,Appennino pistoiese,3,43.933,10.915,4,3.7
1731 12 23,Appennino pistoiese,2,43.933,10.915,4,3.7
1732 02 04 18 20,Parma,9,44.871,10.468,05/06/20,4.65
1732 05 21,Livorno,2,43.551,10.309,04/05/20,3.93
1732 08 09,Romagna,3,44.288,11.878,6,4.63
1737 06 11 00 30,Val di Pesa,4,43.563,11.166,5,4.16
1738 11 05 00 30,Emilia occidentale,10,44.906,10.028,7,5.1
1739 07 16 05,Mugello,2,,,,
1739 07 31 11,Bologna,1,44.494,11.343,05/06/20,4.4
1740 03 06 05 40,Garfagnana,32,44.074,10.489,8,5.64
1741 10 01,Siena,1,43.318,11.332,7,5.1
1742 01 27 11 20,Livornese,16,43.551,10.309,6,4.87
1743 05 29,Ferrara,1,44.835,11.62,06/07/20,4.86
1744,Appennino modenese,1,44.245,10.952,06/07/20,4.86
1746 07 19 09 35,Garfagnana,,,,,
1746 07 20 09 35,Garfagnana,,,,,
1746 07 23 18 15,Garfagnana,10,44.091,10.448,7,5.15
1751 11 21,Liguria,6,44.419,8.898,4,3.7
1753 04 22,Appennino forlivese,3,43.983,11.92,06/07/20,4.86
1756 02 26,Valle del Brenta,3,45.893,11.82,4,3.7
1759 03 18,Pistoia,1,43.933,10.915,5,4.16
1759 05 26 22 15,Pavese,4,44.893,8.648,5,4.16
1761 06 10 00 10,Appennino forlivese,2,43.946,11.909,4,3.7
1761 06 20 22,Appennino forlivese,2,43.834,11.96,6,4.63
1762 04 15 18,Mugello,12,44.004,11.506,7,5.14
1766 05 06,Valdelsa,5,43.541,10.942,4,3.7
1767 01 21 07 45,Lunigiana,10,44.138,10.133,7,5.27
1767 01 21 09,Lunigiana,7,44.238,10.124,05/06/20,4.6
1767 02 07 03 45,Genovese,10,44.548,8.681,6,4.98
1767 05 26 18 24,Valli di Lanzo,3,45.272,7.502,7,5.1
1768 10 19 23,Appennino forlivese,45,43.943,11.904,9,5.99
1768 11 30 11 30,Valdelsa,4,43.565,10.946,5,4.16
1770 12 27 04,Valdarno superiore,5,43.701,11.409,06/07/20,4.86
1771 01 08 03 30,Livorno,2,43.551,10.309,05/06/20,4.4
1771 07 27 22 45,Mugello,2,43.946,11.318,5,4.16
1771 07 27 23,Mugello,2,44.119,11.379,5,4.16
1771 07 29,Mugello,1,44.119,11.379,5,4.16
1771 08 13 08 13,Appennino bolognese,1,44.141,11.161,6,4.63
1771 08 15 08 15,Pianura lombarda,3,45.606,9.722,5,4.16
1774 03 04,Parma,2,44.801,10.33,5,4.16
1774 03 31 14 49,Bresciano,6,45.552,10.111,05/06/20,4.4
1775 01 04 18,Appennino emiliano,6,44.647,10.926,4,4.43
1775 01 05 22 45,Appennino emiliano,7,44.238,10.124,5,4.55
1778 02 18 02 18,Lunigiana,2,44.175,10.182,04/05/20,3.93
1778 06 11,Forlì,2,44.222,12.04,05/06/20,4.4
1779 06 01 23 55,Bolognese,8,,,,
1779 06 02 07 30,Bolognese,3,,,,
1779 06 04 07,Bolognese,12,44.443,11.479,7,5.22
1779 06 10 08 35,Bolognese,10,,,,
1779 06 26 12,Siena,2,43.318,11.332,5,4.16
1779 07 14 19 30,Bolognese,17,,,,
1779 08 20 10 50,Bolognese,2,44.459,11.39,5,4.16
1779 11 23 18 30,Bolognese,14,44.424,11.529,5,4.7
1779 12 24 17,Appennino pistoiese,9,44.061,10.86,05/06/20,4.59
1779 12 31 16,Appennino pistoiese,3,44.03,10.821,5,4.16
1780 02 06 04,Bolognese,9,44.567,11.31,06/07/20,5.06
1780 05 25,Romagna,5,44.418,12.197,05/06/20,4.4
1780 08 01,Valle Scrivia,1,44.897,8.864,5,4.16
1780 08 04,Valle Scrivia,1,44.897,8.864,5,4.16
1780 09 22 13 45,Forlivese,3,44.237,11.765,04/05/20,3.93
1781 04 04 21 20,Faentino,96,44.251,11.798,09/10/20,6.12
1781 07 17 09 40,Faentino,46,44.268,11.987,8,5.61
1781 09 10 11 30,Pianura lombarda,11,45.501,9.589,06/07/20,4.93
1783 06 29,Casentino,4,43.774,11.716,05/06/20,4.4
1783 07 28,Garda settentrionale,4,45.879,10.808,6,4.63
1784 03 30 11,Oltrepò Pavese,1,44.776,9.183,5,4.16
1785 07 19 22 30,Val Lagarina,5,45.978,11.079,4,3.7
1786 04 07 00 15,Pianura lombarda,10,45.267,9.55,06/07/20,5.22
1786 11 24 06 45,Langhe,26,44.731,7.909,5,4.29
1787 07 16 10,Ferrara,3,44.835,11.62,05/06/20,4.4
1787 07 26 07 15,Ferrara,1,44.835,11.62,06/07/20,4.86
1787 10 20 13 30,Siena,1,43.318,11.332,4,3.7
1787 10 21 12 30,Siena,1,43.318,11.332,5,4.16
1787 10 21 23,Siena,1,43.318,11.332,5,4.16
1787 10 23 05,Siena,1,43.318,11.332,5,4.16
1787 12 26,Casentino,6,43.723,11.767,05/06/20,4.4
1787 12 26 15 10,Casentino,2,,,,
1790 07 26,Lunigiana,3,44.354,9.909,7,5.1
1795 02 14 19 15,Siena,2,43.318,11.332,4,3.7
1796 10 22 04,Emilia orientale,27,44.614,11.67,7,5.45
1798 05 26,Senese,15,43.343,11.417,06/07/20,4.85
1799 02 22 05 45,Correggio,2,44.771,10.779,5,4.16
1799 05 29 19,Bresciano,12,45.404,10.27,06/07/20,5.04
1801 10 08 07 52 53.00,Bolognese,6,44.466,11.421,6,4.9
1802 05 12 09 30,Valle dell'Oglio,94,45.424,9.839,8,5.6
1802 08 10 01 45,Toscana centrale,4,43.541,10.774,5,4.16
1804,Valdelsa,2,43.605,11.111,06/07/20,4.86
1804 10 02 21 55,Valdelsa,7,43.489,11.147,4,4.18
1804 10 06 10 30,Valdelsa,2,43.318,11.332,4,3.7
1804 10 18 20,Valdelsa,4,43.453,11.105,7,5.1
1804 12 17,Valdelsa,4,43.419,11.162,6,4.84
1806 02 12,Reggiano,28,44.862,10.671,7,5.21
1806 03 31,Liguria occidentale,6,43.844,7.749,5,4.62
1807 09 05 01 30,Liguria occidentale,10,43.948,7.945,05/06/20,4.81
1807 12 19 01 30,Biellese,3,45.552,7.97,5,4.16
1808 10 26 21,Livorno,1,43.551,10.309,6,4.63
1810 05 01,Monte Baldo,1,45.764,10.809,6,4.63
1810 12 25 00 45,Pianura emiliana,33,44.9,10.719,6,5.06
1811 07 15 22 44,Modenese-Reggiano,19,44.572,10.728,06/07/20,5.13
1812 09 11 12,Val di Pesa,13,43.659,11.14,07/08/20,5.24
1813 09 21 07 45,Romagna,12,44.25,11.97,7,5.28
1814 04 03,Costa pisano-livornese,4,43.635,10.355,06/07/20,5.12
1815 02 26,Prealpi Vicentine,3,45.722,11.433,4,3.7
1815 08 12,Pistoia,1,43.933,10.915,6,4.63
1818 02 23 18 10,Liguria occidentale,45,43.92,8.034,7,5.32
1818 12 09 18 55,Parmense,26,44.696,10.296,7,5.24
1819 01 08 22 30,Liguria occidentale,5,43.865,7.932,06/07/20,4.86
1824 02 04 21 50,Oltrepò Pavese,8,44.92,9.126,5,4.49
1824 08 12 07,Appennino forlivese,2,43.867,12.01,6,4.63
1826 06 24 12 15,Garda occidentale,20,45.606,10.522,5,4.62
1826 10,Appennino forlivese,1,44.06,11.842,05/06/20,4.4
1826 11 11 04 28,Pavia,1,45.185,9.155,5,4.16
1828 04 08,Appennino forlivese,3,44.115,12.004,6,4.63
1828 10 08 22 30,Romagna,8,44.174,12.09,05/06/20,4.57
1828 10 09 02 20,Oltrepò Pavese,110,44.821,9.047,8,5.72
1828 10 09 08,Oltrepò Pavese,6,,,,
1828 10 10 01 30,Oltrepò Pavese,18,,,,
1829 09 06 19 30,Cremona,2,45.135,10.023,05/06/20,4.4
1830 01 26 04 30,Alto Reno,11,44.213,11.074,5,4.53
1831 05 26 10 30,Liguria occidentale,33,43.855,7.849,8,5.56
1831 05 28 12 45,Liguria occidentale,7,43.859,7.922,6,4.73
1831 07 14 15 30,Reggiano,8,44.749,10.48,05/06/20,4.6
1831 09 11 18 15,Pianura emiliana,25,44.753,10.544,07/08/20,5.48
1831 09 13 05 30,Pianura emiliana,7,,,,
1831 11 25 01 45,Liguria occidentale,1,43.819,7.774,5,4.16
1832 03 11 06 45,Carpi,14,44.778,10.832,5,4.51
1832 03 11 08 45,Parmense,14,,,,
1832 03 12 02 30,Parmense,4,,,,
1832 03 12 08 45,Reggiano,7,,,,
1832 03 13 03 30,Reggiano,97,44.765,10.494,07/08/20,5.51
1832 03 14 04 40,Reggiano,5,,,,
1832 03 14 07 41,Reggiano,7,,,,
1832 04 19 14 14,Reggiano,5,,,,
1834 02 14 13 15,Val di Taro-Lunigiana,112,44.432,9.859,9,5.96
1834 07 04 00 45,Val di Taro-Lunigiana,24,44.531,9.948,06/07/20,5.08
1834 10 04 19,Bolognese,12,44.479,11.32,6,4.71
1835 02 06 18 50,Mugello,5,43.962,11.416,6,4.63
1835 02 06 20,Mugello,,,,,
1835 04 20 03,Val di Taro,1,44.488,9.767,5,4.16
1835 04 25 02 45,Val di Taro,6,44.454,9.686,05/06/20,4.77
1835 05 23 08 30,Cuneese,1,44.33,7.551,06/07/20,4.86
1836 06 12 02 30,Asolano,26,45.803,11.825,8,5.53
1837 04 11 17,Lunigiana,60,44.175,10.182,9,5.94
1839 08 09 08 45,Brescia,1,45.539,10.22,5,4.16
1841 10 15 22,Veronese,12,45.167,11.11,5,4.27
1843 10 25 03 30,Mugello,17,44.003,11.261,06/07/20,5.03
1843 10 25 04 10,Mugello,,,,,
1844 03 10 17 15,Forlivese,2,44.18,12.142,05/06/20,4.4
1845 01 20 05 15,Valle Scrivia,2,44.781,8.999,4,3.7
1845 09 14 22 20,Appennino tosco-emiliano,9,43.843,10.505,5,4.73
1846 08 14 12,Colline Pisane,121,43.47,10.562,9,6.04
1848 05 12,Senese,6,43.322,11.331,06/07/20,5.05
1849 01 06 02 40,Romagna Toscana,4,44.096,11.414,05/06/20,4.4
1849 06 18 06 25,Alpi Marittime,6,44.229,7.561,5,4.16
1849 06 23,Alpi Marittime,3,44.175,7.566,5,4.16
1849 11 28 18,Val di Taro,7,44.453,9.792,6,4.63
1850 09 18 06 20,Modenese,7,44.57,11.134,5,4.16
1851 02 05 09 50,Valtellina,30,46.157,9.768,5,4.72
1851 08 03,Valli Giudicarie,15,45.941,10.559,6,4.92
1852 07 29 12 30,Alta Engadina,,46.477,9.782,5,4.4
1852 07 28,Alta Engadina,,46.5,10,4,3.2
1853 05 17 15 17,Siena,1,43.318,11.332,04/05/20,3.93
1853 08 02,Val di Cecina,6,43.35,10.867,05/06/20,4.72
1854 06 16 13 25,Imola,9,44.353,11.714,5,4.57
1854 12 04 01,Senese,3,43.318,11.332,4,3.7
1857 02 01,Parmense-Reggiano,22,44.749,10.48,06/07/20,5.11
1859 04 12 03 28,Senese,24,43.326,11.306,6,4.46
1859 04 12 13 03,Senese,16,43.331,11.349,06/07/20,4.83
1860 07 17 13 43 31.00,Reggiano,5,44.743,10.793,04/05/20,3.93
1861 01 28 05 30,Santa Sofia,1,43.946,11.909,6,4.63
1861 03 16,Varese Ligure,2,44.377,9.592,6,4.63
1861 05 19,Asolano,2,45.736,11.92,6,4.63
1861 10 16,Romagna,10,44.233,12.121,06/07/20,5.13
1864 03 15,Zocca,13,44.337,11.059,06/07/20,4.84
1864 12 11 17 40,Mugello,9,44.042,11.282,7,5.11
1866 08 11 23,Monte Baldo,33,45.737,10.797,7,4.96
1866 09 22 14 40,Piemonte centro-meridionale,13,44.853,7.691,04/05/20,4.38
1867 11 01 16 15,Siena,1,43.318,11.332,5,4.16
1868 02 20 19 45,Monte Baldo,5,45.741,10.802,06/07/20,4.76
1868 05 22 21 15,Garda settentrionale,11,45.888,10.869,5,4.4
1869 02 07 04 52,Senese,5,43.336,11.333,05/06/20,4.4
1869 02 07,Senese,8,43.342,11.35,06/07/20,4.81
1869 06 25 13 58,Appennino bolognese,18,44.314,11.116,07/08/20,5.43
1869 09 26 20 45,Valdelsa,9,43.453,11.105,06/07/20,4.98
1869 12 13 02 53,Sassuolo,13,44.629,10.779,5,4.57
1870 10 30 18 34,Forlivese,41,44.133,12.062,8,5.61
1871 01 22 21 30,Pianura romagnola,8,44.218,12.075,6,4.95
1871 07 29 20 45,Val di Cecina,14,43.301,10.619,07/08/20,5.15
1871 10 22 13,Chianti,2,43.421,11.349,6,4.63
1873 05 16 19 35,Reggiano,15,44.612,10.701,06/07/20,5.01
1873 08 03 21 53,Biellese,3,45.558,7.978,4,3.7
1873 09 17,Appennino tosco-ligure,64,44.234,9.862,06/07/20,5.26
1874 10 07,Imolese,60,44.168,11.589,7,4.96
1875 01 10 08,Portico di Romagna,1,44.025,11.783,5,4.16
1875 02 11 20,Biellese,5,45.57,7.919,5,4.16
1875 02 14 04 40,Canavese,3,45.487,7.867,04/05/20,3.93
1876 04 29 10 49,Monte Baldo,25,45.749,10.785,7,5.07
1876 04 29 13 15,Monte Baldo,1,45.676,10.854,5,4.16
1876 04 29 23,Monte Baldo,3,45.725,10.818,05/06/20,4.4
1876 05 01 10 50,Verona,2,45.439,10.994,04/05/20,3.93
1876 05 02,Monte Baldo,3,45.756,10.787,06/07/20,4.86
1876 05 29 10 30,Monte Baldo,4,,,,
1876 05 29 10 45,Monte Baldo,5,45.73,10.785,06/07/20,4.86
1877 03 03 02 09,Chianti,5,,,,
1877 10 01 07 20,Monte Baldo,6,45.761,10.808,6,4.44
1878 03 12 21 36,Bolognese,31,44.424,11.543,6,4.84
1878 04 05 09 46,Bolognese,6,44.404,11.512,6,4.63
1878 06 04 14 40,Bolognese,13,44.276,11.38,5,4.52
1878 09 10 13 31,Lunigiana,12,44.218,10.037,06/07/20,4.98
1878 11 09 17 48 50.00,Tossignano,8,44.226,11.491,5,4.53
1879 02 14,Garda occidentale,13,45.715,10.127,5,4.62
1879 04 27 04 06,Appennino tosco-emiliano,20,44.168,11.587,7,5.03
1880 07 23 01 50,Imola,3,44.315,11.719,5,4.16
1880 08 02 02 15,Biellese,1,45.627,7.981,5,4.16
1881 01 24 16 14,Bolognese,38,44.401,11.349,7,5.22
1881 01 25 07 06,Bolognese,18,44.411,11.459,5,4.59
1881 02 02,Russi,13,44.371,12.033,05/06/20,4.69
1881 02 14 09 00 30.00,Appennino bolognese,21,44.405,11.484,6,4.77
1881 03 02 00 10,Biellese,1,45.554,8.021,5,4.16
1881 08 03 14 42,Alessandrino,3,44.724,8.524,4,3.7
1881 09 28,Cesena,24,44.142,12.189,06/07/20,4.71
1882 02 15 05,Val Borbera,18,44.66,9.085,6,4.77
1882 02 27 06 30,Valle Seriana,37,45.878,9.926,06/07/20,4.81
1882 09 18 19 25,Monte Baldo,7,45.71,10.77,7,5.08
1883 03 07 21 15,Piemonte sud-occidentale,21,44.604,7.401,04/05/20,4.17
1884 09 12 07 23,Pianura lombarda,34,45.547,9.77,6,4.7
1885 01 24 20,Liguria occidentale,4,43.855,7.884,05/06/20,4.4
1885 02 26 20 48,Pianura Padana,78,45.209,10.169,6,5.01
1886 10 15 02 20,Collecchio,44,44.75,10.306,6,4.7
1887 02 23 05 21 50.00,Liguria occidentale,1511,43.891,7.992,9,6.27
1887 02 23 05 29,Liguria occidentale,,,,,
1887 02 23 07 51,Liguria occidentale,,,,,
1887 03 29 08 58,Valle del Brenta,2,45.734,11.668,5,4.16
1887 04 14 02 15,Asolano,9,45.822,11.86,6,4.82
1887 05 20 04 12,Lecchese,36,45.827,9.359,5,3.97
1887 09 30 15 55,Faenza,10,44.288,11.881,5,4.12
1887 11 14 05 48 05.00,Fiorentino,101,43.749,11.219,6,4.47
1889 03 08 02 57 04.00,Bolognese,38,44.355,11.314,5,4.53
1889 12 12,San Piero a Sieve,4,43.898,11.643,5,4.16
1890 02 15 02 35 08.00,Valdelsa,12,43.589,11.169,5,4.52
1890 05 04 12 09,Valdelsa,2,43.542,11.172,5,4.16
1891 04 24 06 45,Pescia,8,43.903,10.69,04/05/20,3.93
1891 05 28 06 15,Alessandrino,9,44.714,8.669,5,4.13
1891 06 07 01 06 14.00,Valle d'Illasi,403,45.564,11.165,08/09/20,5.87
1891 06 15,Peschiera,35,45.43,10.767,6,4.69
1891 08 01 13 32 22.00,Lugo,15,44.353,11.896,04/05/20,4.36
1891 12 22,Valtellina,7,46.139,9.829,05/06/20,4.41
1892 01 05,Garda occidentale,93,45.592,10.471,06/07/20,4.96
1892 03 05,Valle d'Aosta,86,45.569,7.797,7,4.98
1892 05 17 03 08 15.00,Carpineti,28,44.377,10.508,5,4.28
1892 08 09 07 58,Valle d'Alpone,160,45.566,11.204,06/07/20,4.91
1892 11 27 00 40,Cuneese,12,44.275,7.49,5,4.38
1892 12 29 13 47 48.00,Castel del Rio,36,44.127,11.502,05/06/20,4.37
1892 12 29 20 11,Palazzuolo sul Senio,3,44.094,11.581,04/05/20,3.93
1893 10 20 20 15,Appennino parmense,25,44.376,10.13,04/05/20,4.04
1894 02 09 12 48 05.00,Valle d'Illasi,116,45.584,11.14,6,4.74
1894 11 27 05 07,Bresciano,183,45.563,10.123,6,4.89
1894 12 12 11 15,Livorno,1,43.551,10.309,5,4.16
1895 03 23,Comacchio,33,44.721,12.017,6,4.65
1895 05 12 20 29,Reggiano,13,44.745,10.605,04/05/20,3.98
1895 05 18 19 55 12.00,Fiorentino,401,43.703,11.264,8,5.5
1895 05 25 12 42,Villanova Marchesana,11,45.008,11.96,04/05/20,3.98
1895 06 06 00 35 05.00,Fiorentino,29,43.762,11.241,05/06/20,4.55
1895 07 30 10 47,Comacchio,10,44.669,11.942,5,4.47
1895 08 07 19 49 32.00,Appennino tosco-emiliano,84,43.967,10.818,5,4.67
1895 09 04 13 30,Valle del Montone,14,44.027,11.818,06/07/20,4.77
1895 10 12 02 45,Monte Baldo,3,45.764,10.809,5,4.16
1895 10 25 00 24 58.00,Chianti,36,43.529,11.214,05/06/20,4.51
1895 11 02 07 30,Valle de' Signori,11,45.649,11.155,5,4.33
1895 12 25 04 47,Liguria occidentale,9,43.903,8.059,5,4.18
1896 01 06 17 40 42.00,Monte Baldo,3,45.734,10.788,4,3.7
1896 07 08 01 51 28.00,Porretta Terme,17,44.059,10.921,5,4.37
1896 10 16,Liguria occidentale,55,43.77,8.735,6,4.91
1896 12 08 17 06 45.00,Sestola,26,44.202,10.817,5,4.33
1897 01 27 01 35,Prealpi Vicentine,16,45.817,11.151,04/05/20,4.11
1897 05 22 02 05,Valdelsa,23,43.474,11.114,5,4.26
1897 07 06 20 44,Mar Ligure,62,44.417,8.652,5,4.22
1897 07 27 09 02 14.00,Valdarno inferiore,33,43.636,10.655,05/06/20,4.27
1897 09 06 03 10 44.00,Valdarno inferiore,104,43.79,10.667,05/06/20,4.59
1897 10 12,Liguria occidentale,13,43.925,7.845,5,4.34
1898 01 16 13 10,Romagna settentrionale,110,44.657,11.821,6,4.59
1898 03 04 21 05,Parmense,313,44.655,10.26,07/08/20,5.37
1898 03 09 11 43,Romagna settentrionale,68,44.657,11.821,6,4.59
1898 11 16,Garda occidentale,43,45.665,10.41,6,4.63
1899 06 26 23 17 22.00,Valle del Bisenzio,138,43.958,11.117,7,5.02
1899 06 26 23 20,Valle del Bisenzio,,,,,
1899 07 08 22 56 55.00,Bagno di Romagna,37,44.01,11.822,4,4.02
1899 10 30 15 12,Prealpi Vicentine,8,45.78,11.195,5,4.27
1899 11 15 23 40,Pianura Veneta,25,45.404,11.44,5,4.25
1900 04 22,Liguria occidentale,4,43.849,7.872,4,3.7
1900 08 28 16 38,Chianti,3,43.469,11.287,4,3.7
1900 12 30 23 36 20.00,Alto Monferrato,36,44.651,8.447,5,4.35
1901 01 10 07 58,Alto Monferrato,3,44.616,8.442,4,3.7
1901 01 20 06 30,Bassa modenese,10,44.908,11.093,4,3.68
1901 01 20 06 34 20.00,Bassa modenese,12,44.892,11.087,5,4.11
1901 01 23 00 17 10.00,Oltrepò Pavese,90,45.034,8.998,5,4.23
1901 04 20 09 35 05.00,Cuneese,15,44.322,7.516,5,4.31
1901 05 25 03 59 20.00,Piemonte centro-meridionale,35,44.923,7.563,5,4.5
1901 09 22 21 42 12.00,Valdelsa,35,43.564,10.952,6,4.68
1901 10 30 14 49 58.00,Garda occidentale,289,45.584,10.49,07/08/20,5.44
1901 10 30 14 51 41.00,Garda occidentale,,,,,
1902 03 05 07 06,Garfagnana,83,44.093,10.463,7,4.98
1902 04 11 01 28 44.00,Valle Scrivia,3,44.856,8.86,4,3.7
1902 06 27 16 48,Casentino,13,43.643,11.832,6,4.46
1902 08 04 22 36 10.00,Lunigiana,60,44.113,10.28,6,4.78
1902 12 04 16 35 01.00,Lunigiana,36,44.121,10.128,5,4.35
1903 04 04 01 41,Liguria occidentale,20,43.819,8.337,5,4.45
1903 07 27 03 46,Lunigiana,79,44.329,9.953,07/08/20,5.19
1904 01 16 16 28 30.00,Campo Ligure,16,44.456,8.493,4,4.01
1904 02 25 18 47 50.00,Reggiano,62,44.49,10.64,6,4.81
1904 06 10 11 15 28.00,Frignano,101,44.2,10.842,6,4.82
1904 11 15 19 16,Liguria occidentale,17,43.881,7.718,5,4.16
1904 11 17 05 02,Pistoiese,204,43.965,10.821,7,5.1
1905 05 30 04 55,Cuneese,121,44.435,7.646,05/06/20,4.65
1906 04 21 06 35,Valdelsa,45,43.446,11.137,05/06/20,4.3
1906 07 14 18 35,Valle Scrivia,11,44.734,8.88,5,4.16
1906 08 02 03 48,Bresciano,16,45.552,10.361,4,3.76
1906 08 11 09 58,Liguria occidentale,82,43.787,7.9,5,4.41
1906 08 25 03 11,Parmense,31,44.812,10.079,5,4.25
1906 11 10 17 55,Alta Val di Taro,43,44.388,9.567,5,4.22
1906 12 20 02 38,Valdelsa,28,43.457,11.219,4,3.96
1907 04 25 04 52,Veronese,122,45.318,11.073,6,4.79
1907 12 15 13 06 55.00,Chianti,20,43.402,11.353,5,4.19
1907 12 20 10 29 15.00,Chianti,35,43.486,11.374,6,4.44
1908 02 03 13 36 26.00,Valle d'Illasi,34,45.56,11.176,05/06/20,4.32
1908 03 15 07 38 38.00,Valle d'Illasi,28,45.623,11.207,05/06/20,4.91
1908 05 09 04 01,Chiavari,12,44.344,9.312,4,3.83
1908 05 24 08 37,Piemonte centro-settentrionale,36,45.464,8.074,4,4.1
1908 06 02 22 30,Frignano,18,44.264,10.823,04/05/20,4.5
1908 06 28 03 19,Finale Emilia,11,44.833,11.294,04/05/20,3.93
1909 01 13 00 45,Emilia Romagna orientale,867,44.579,11.688,06/07/20,5.36
1909 03 18 02 51,Appennino reggiano,12,44.185,10.431,04/05/20,4.13
1909 05 27 06 10,Liguria occidentale,51,43.908,8.076,05/06/20,4.34
1909 12 24 18 40,Garda occidentale,39,45.571,10.348,5,4.17
1910 01 22 20 30,Pianura lombardo-veneta,9,45.022,11.176,04/05/20,4.02
1910 01 23 01 50,Piacentino,118,44.857,9.659,5,4.39
1910 03 22 23 29,Bassa modenese,15,44.821,11.162,5,4.16
1910 09 06 03 20,Appennino ligure,19,44.548,9.392,5,4.13
1911 02 19 07 18 30.00,Forlivese,181,44.117,12.074,7,5.26
1911 03 20 15 47,Forlivese,25,44.189,12.193,6,5.09
1911 03 26 20 20 50.00,Casentino,8,43.811,11.816,6,4.54
1911 09 13 22 29 02.00,Chianti,115,43.436,11.344,7,5.08
1911 09 13 22 35 10.00,Chianti,13,43.394,11.239,04/05/20,4.35
1912 01 14 03 11,Liguria occidentale,19,43.898,8.066,04/05/20,3.89
1912 05 31 21 40,Canavese,51,45.549,7.785,05/06/20,4.71
1912 08 15 23 50,Mugello,7,44.058,11.258,5,4.22
1912 09 12 21 15,Carpi,13,44.784,10.885,4,3.76
1912 10 01 18 10,Piacenza,23,45.052,9.693,4,3.7
1913 02 13 16 39,Corno alle Scale,26,44.13,10.805,5,4.18
1913 03 27 02 25 44.00,Val Trebbia,58,44.895,9.327,04/05/20,4.24
1913 07 21 22 35,Appennino romagnolo,43,44.041,11.762,05/06/20,4.79
1913 07 29 22 24,Casentino,16,43.814,11.89,05/06/20,4.54
1913 11 25 20 55,Appennino parmense,73,44.551,10.196,04/05/20,4.65
1913 12 07 01 28,Valle Scrivia,56,44.744,8.862,5,4.57
1914 01 15 03 27 20.00,Livornese,25,43.47,10.433,5,4.33
1914 05 15 13 06,Chianti,6,43.453,11.361,5,4.16
1914 10 27 01 12,Torinese,5,45.011,7.466,4,4.74
1914 10 27 09 22,Lucchesia,660,43.912,10.598,7,5.63
1915 01 13 19 30,Cesenate,5,44.161,12.261,5,4.38
1915 10 10 23 10,Reggiano,30,44.733,10.47,6,4.87
1916 07 27 18 38,Garfagnana,22,44.074,10.469,05/06/20,4.56
1916 08 02 07 30,San Gimignano,2,43.467,11.043,04/05/20,3.93
1917 01 07 03 39,Savonese,32,44.367,8.375,5,4.35
1917 01 08 01 45 50.00,Appennino forlivese,11,44.005,11.803,6,4.74
1917 05 01 08 30,Liguria occidentale,9,44.096,8.228,4,3.75
1917 05 18 14 56,Chiavari,5,44.337,9.337,4,3.7
1917 12 02 17 39,Appennino forlivese,32,44.059,11.829,06/07/20,5.09
1917 12 09 21 40,Alta Engadina,39,46.46,9.78,6,4.6
1918 01 13 12,Pianura lombarda,24,45.455,8.842,4,4.62
1918 01 22 18 48,Corazzano,2,43.621,10.868,4,3.7
1918 01 22 19 39,Corazzano,5,43.621,10.868,5,4.16
1918 02 08 18 49,Appennino forlivese,,44.133,12.1,05/06/20,4.84
1918 04 24 14 21,Lecchese,34,45.813,9.457,6,4.95
1918 05 06 08 05,Reggiano,8,44.691,10.63,05/06/20,4.41
1918 07 19 19 03,Mantovano,8,45.326,10.438,4,4.06
1918 11 10 15 12 28.00,Appennino forlivese,187,43.917,11.933,9,5.96
1919 06 29 15 06 13.00,Mugello,565,43.957,11.482,10,6.38
1919 07 12 12 06,Asolano,7,45.801,11.914,04/05/20,5.03
1919 09 16 02 18 37.00,Alta Valtellina,10,46.45,9.933,04/05/20,3.5
1919 09 25 03 15,Frignano,7,44.09,10.584,4,3.7
1919 11 23 01 50,Bresciano,9,45.655,10.246,4,4.79
1919 11 28 21 38,Alpi Marittime,24,44.173,7.76,05/06/20,4.92
1920 06 08 16 13,Appennino forlivese,19,43.997,11.879,05/06/20,4.54
1920 09 06 14 05 24.00,Garfagnana,,44.25,10.283,6,5.61
1920 09 07 05 55 40.00,Garfagnana,750,44.185,10.278,10,6.53
1920 09 07 08 10,Garfagnana,,44.25,10.283,6,5.18
1920 09 07 13 32 20.00,Garfagnana,,44.25,10.283,5,5.05
1920 09 07 18 42 43.00,Garfagnana,,44.317,10.283,6,4.62
1920 10 06 22 47,Mantovano,19,45.126,10.824,04/05/20,4.14
1920 12 27 16 19,Garfagnana,4,44.159,10.192,4,3.7
1921 05 07 06 15,Lunigiana,19,44.377,9.882,6,4.64
1921 09 12 00 25,Asolano,3,45.771,11.768,03/04/20,4.81
1921 11 29 12 04,Val di Taro,10,44.634,9.703,4,4.15
1922 05 24 21 17 25.00,Ferrarese,7,44.821,11.408,4,3.7
1922 08 02 21 13,Frignano,21,44.146,10.686,5,4.32
1923 06 28 15 12,Modenese,22,44.595,10.799,6,5.04
1923 11 09 13 22,"Ticino, Bellinzona",,46.22,9,5,4.3
1924 06 12 21 03 48.00,Frignano,25,44.147,10.776,05/06/20,4.46
1924 09 21 20 18,Genovese,11,44.366,8.994,5,4.32
1925 03 15 17 15,Appennino tosco-emiliano,16,44.282,10.286,4,4.1
1925 03 21 07 33 40.00,Colline Metallifere,17,43.227,10.871,05/06/20,4.29
1925 07 20 15 03 30.00,Garfagnana,7,44.051,10.378,04/05/20,3.95
1926 06 28 21 15,Appennino reggiano,3,44.488,10.488,03/04/20,3.46
1926 11 18 22 57,Lunigiana,17,44.313,9.786,5,4.25
1927 08 13 01 00 51.00,Alta Engadina,19,46.5,9.9,5,4.4
1927 10 28 21 49,Alta Val di Taro,39,44.52,9.59,6,4.66
1927 11 20 10 24 12.00,Appennino reggiano,16,44.358,10.378,5,4.29
1928 02 21 04 37,Alta Val di Taro,8,44.44,9.611,5,4.16
1928 06 13 08,Carpi,35,44.797,10.872,6,4.67
1928 07 20 19 53,Alta Val di Taro,13,44.508,9.587,6,4.39
1928 07 25 01 25,Carpi,3,44.783,10.872,04/05/20,3.93
1928 08 03 23 09,Lunigiana,21,44.126,10.201,5,4.26
1929 04 10 05 44,Bolognese,87,44.445,11.387,6,5.05
1929 04 11 00 56,Bolognese,10,44.312,11.665,4,4.72
1929 04 12 00 32,Bolognese,7,44.539,11.478,4,4.82
1929 04 19 04 16,Bolognese,82,44.496,11.202,06/07/20,5.13
1929 04 19 22 40,Bolognese,12,44.479,11.179,05/06/20,4.54
1929 04 20 01 10,Bolognese,109,44.481,11.15,7,5.36
1929 04 22 08 26,Bolognese,41,44.482,11.111,06/07/20,5.1
1929 04 22 14 19,Bolognese,12,44.469,11.223,05/06/20,4.61
1929 04 28 19 40,Bolognese,20,44.486,11.175,6,4.73
1929 04 29 18 36,Bolognese,45,44.489,11.11,6,5.2
1929 05 01 21 13,Imolese,3,44.424,11.529,4,4.57
1929 05 11 19 23,Bolognese,64,44.479,11.112,06/07/20,5.29
1929 07 18 21 02,Mugello,56,43.988,11.507,06/07/20,4.96
1929 08 17 04 25,Bolognese,10,44.481,11.131,04/05/20,3.89
1930 05 24 22 02,Appennino tosco-emiliano,43,44.136,10.724,5,4.91
1930 09 24 19 10 55.00,Reggiano,,44.6,10.6,,
1930 10 24 00 52,Appennino tosco-emiliano,12,44.498,11.209,4,3.97
1930 10 26 07 14,Appennino tosco-emiliano,14,44.292,11.054,4,4.21
1930 10 26 07 31,Modenese,11,44.434,10.861,4,4.12
1931 01 25 10 48 26.00,Lunigiana,12,44.239,10.043,05/06/20,4.29
1931 03 27 02 46 57.00,Ferrarese,7,44.821,11.764,6,4.74
1931 04 01 06 01,Faentino,12,44.163,11.708,5,4.14
1931 04 05 13 34,Faentino,14,44.194,11.71,6,4.4
1931 04 11 01 26,Faentino,19,44.28,11.718,04/05/20,4.81
1931 04 14 22 13,Valli Giudicarie,160,45.974,10.666,6,4.77
1931 06 10 17 02,Modenese,14,44.541,11.022,4,4.59
1931 09 05 01 25 53.00,Mugello,28,44.057,11.367,6,4.88
1931 12 15 03 23,Mugello,35,44.112,11.527,6,4.62
1932 02 19 12 57 11.00,Garda orientale,21,45.632,10.729,07/08/20,5.16
1932 04 19 00 17,Modenese,9,44.594,10.854,4,3.63
1932 07 13 03 42,Reggiano,8,44.774,10.809,04/05/20,3.86
1933 10 19 13 29 45.00,Colline Metallifere,4,43.166,10.864,04/05/20,3.93
1934 03 23 01 46 50.00,Lago d'Iseo,16,45.803,10.044,5,4.31
1934 05 28 21 09,Faentino,10,44.186,11.765,4,3.94
1934 06 13 09 06,Val di Taro-Lunigiana,29,44.438,9.725,6,5.14
1934 07 06 17 15,Liguria orientale,7,44.403,9.306,4,3.69
1934 09 18 09 37,Vignola,6,44.495,11.012,4,3.95
1934 11 21 10 26,Mar Ligure,,43.916,10.283,,
1935 06 05 11 48,Faentino,27,44.26,11.876,6,5.23
1936 06 21 19 25 25.00,Garda orientale,13,45.553,10.75,5,4.15
1936 06 22 03 44 55.00,Garda orientale,20,45.518,10.72,05/06/20,4.46
1936 07 31 14 46 03.00,Garda orientale,15,45.745,10.555,5,4.21
1936 10 17 02 42,Biellese,15,45.554,8.044,6,4.53
1937 06 07 22 02,Alpi Retiche,5,46.346,10.548,6,4.57
1937 09 17 12 19 05.00,Parmense,34,44.764,10.338,7,4.77
1937 12 10 18 04,Frignano,28,44.334,10.834,6,5.3
1939 02 11 11 17,Mugello,31,44.002,11.431,7,5.01
1939 10 15 14 05,Garfagnana,62,44.125,10.255,06/07/20,4.96
1939 10 31 06 47,Lunigiana,19,44.114,10.073,05/06/20,4.85
1940 01 24 23 32 16.00,Appennino emiliano,6,44.8,10.3,,
1940 01 31 11,Siena,30,43.36,11.389,05/06/20,4.23
1940 05 01 09 36 05.00,Parmense,,44.8,10.183,,5.06
1942 06 20 14 42,Garda settentrionale,2,45.917,10.882,5,4.16
1943 10 16 12 10,Cuneese,2,44.39,7.684,3,3.23
1943 10 16 19 18,Langhe,4,44.56,8.099,04/05/20,3.93
1945 06 14 05 03 45.00,Oltrepò Pavese,6,44.817,9.146,06/07/20,4.78
1945 06 29 15 37 13.00,Oltrepò Pavese,31,44.83,9.131,07/08/20,5.1
1945 12 15 05 27,Oltrepò Pavese,12,44.831,9.116,6,4.72
1946 04 29 00 06,Colline Metallifere,3,43.267,10.879,6,4.63
1947 12 25 20 42 34.00,Brescia,2,45.539,10.22,4,3.7
1948 07 19 18 11 26.00,Garda settentrionale,16,45.794,10.787,5,4.87
1949 03 09 04 16 30.00,Mugello,12,43.987,11.489,5,4.42
1950 04 01,Livornese,15,43.392,10.463,6,4.99
1950 04 07 04 16 50.00,Livornese,,43.533,10.333,,4.71
1950 05 06 03 43,Reggiano,4,44.731,10.671,4,4.41
1951 05 15 22 54,Lodigiano,179,45.226,9.62,06/07/20,5.17
1951 08 12 21 19,Garfagnana,21,44.028,10.384,5,4.59
1951 10 29 22 48,Valle del Panaro,3,44.458,10.989,4,4.4
1952 07 04 20 35 12.00,Appennino forlivese,64,43.98,11.883,7,4.94
1952 07 04 21 30 13.00,Appennino forlivese,,43.967,11.867,,4.76
1952 08 22 02 25 31.00,Lomellina,21,45.105,8.846,4,4.11
1952 12 02 06 13 22.00,Appennino forlivese,53,44.004,12.079,5,4.42
1953 02 13 16 29 45.00,Mugello,,44.363,11.525,,
1953 08 22 05 26,Reggiano,6,44.787,10.795,6,4.73
1953 12 14 07 11 06.00,Appennino forlivese,48,44.064,12.061,05/06/20,4.7
1954 07 16 00 05,Appennino piacentino,4,44.648,9.585,4,3.7
1955 03 12 06 57 04.00,Parmense,15,44.798,10.173,5,4.15
1955 04 11 15 24,Liguria orientale,29,44.136,9.89,5,4.07
1955 12 13 17 04,Lunigiana,19,44.186,10.088,5,4.53
1956 02 20 01 29 41.00,Argenta,17,44.621,11.982,05/06/20,4.96
1956 02 20 01 29 26.00,Padovano,23,45.273,11.886,05/06/20,4.49
1956 02 22 22 55 06.00,Senese,29,43.298,11.28,5,4.03
1956 03 20 00 35,Liguria occidentale,6,43.877,7.966,04/05/20,3.93
1956 04 26 03 00 03.00,Appennino bolognese,89,44.209,11.33,6,4.74
1956 05 26 18 40,Appennino forlivese,76,43.939,11.897,7,4.99
1956 05 29 16 21,Appennino forlivese,,43.95,11.817,,4.59
1956 06 03 01 45 57.00,Appennino forlivese,62,44.003,11.876,6,4.51
1957 04 17 02 22,Appennino forlivese,14,43.937,11.942,6,4.68
1957 04 17 08 40 37.00,Appennino forlivese,,43.9,11.833,,4.72
1957 08 27 11 54,Appennino modenese,58,44.395,10.995,5,4.73
1957 10 25 23 02 05.00,Appennino reggiano,79,44.386,10.218,05/06/20,4.27
1958 01 09 11 58 30.00,Monte Baldo,2,45.684,10.802,5,4.16
1958 10 13 13 50,Liguria occidentale,4,43.909,7.866,4,3.7
1959 01 26 05 35 40.00,Alta Val di Taro,14,44.422,9.624,5,4.27
1959 03 11 00 15,Appennino forlivese,11,43.959,12.064,5,4.31
1959 03 24 10 24,Fiorentino,28,43.698,11.297,7,4.85
1960 02 19 02 30,Valli Giudicarie,50,45.806,10.625,6,4.81
1960 04 30 00 52 06.00,Appennino forlivese,16,44.02,11.852,5,4.28
1960 10 29 00 08 39.00,Mugello,69,43.999,11.385,7,4.91
1961 05 08 22 45 51.00,Forlivese,40,44.134,11.962,5,4.37
1961 08 03 10 26 29.00,Lunigiana,22,44.18,10.199,5,4.18
1961 08 13 22 34 18.00,Parmense,22,44.739,10.229,05/06/20,4.37
1961 08 14 01 03 02.00,Parmense,14,44.812,10.153,05/06/20,4.47
1961 11 23 01 12 05.00,Prealpi bergamasche,119,45.76,9.589,06/07/20,4.86
1962 05 11 01 05 31.00,Appennino bolognese,15,44.168,11.176,05/06/20,4.69
1962 09 16 14 49 45.00,Chianti,19,43.545,11.35,6,4.54
1963 01 08 13 51,Appennino reggiano,3,44.358,10.299,5,4.16
1963 03 04 22 30,Veronese,6,45.419,11.121,5,4.41
1963 04 05 13 49 42.00,Finale Emilia,6,44.826,11.265,04/05/20,3.93
1963 07 27 05 58 22.00,Mar Ligure,9,43.56,8.13,,4.98
1963 08 09 06 05,Romagna,16,44.416,11.977,5,5.23
1963 10 05 11 57 39.00,Appennino reggiano,2,44.32,10.296,4,3.7
1963 11 04 15 46,Bassa modenese,5,44.681,10.873,5,4.16
1964 09 05 21 09,Appennino tosco-emiliano,22,44.138,11.233,5,4.35
1965 05 10 05 01 54.00,Appennino reggiano,11,44.297,10.201,04/05/20,4.29
1965 07 23 23 14 25.00,Lunigiana,1,44.377,9.882,5,4.16
1965 11 09 15 35,Appennino reggiano,32,44.373,10.355,5,4.17
1965 12 18 09 22 25.00,Pianura romagnola,11,44.27,12.021,5,4.54
1966 10 20 09 38 35.40,Romagna,,44.13,12.27,,4.36
1967 04 03 16 36 18.00,Reggiano,45,44.73,10.602,5,4.44
1967 05 15 10 03 34.00,Appennino reggiano,2,44.435,10.4,4,4.07
1967 10 01 22 45 45.00,Pistoiese,8,43.922,11.017,4,4.04
1967 12 30 04 19,Emilia Romagna orientale,40,44.604,11.997,6,5.05
1968 01 11 17 08 09.00,Pianura romagnola,4,44.279,11.909,4,4.44
1968 04 18 19 38 15.00,Liguria occidentale,51,44.051,8.037,07/08/20,4.93
1968 06 07 09 34 46.00,Parmense,,44.75,10.32,,
1968 06 18 05 27,Valle d'Aosta,60,45.684,7.768,6,4.86
1968 06 22 12 21 37.00,Val Lagarina,27,45.879,10.996,06/07/20,4.74
1968 06 22 12 37 49.34,Val Lagarina,,45.84,11.21,,4.07
1968 06 26 03 15,Senese,7,43.298,11.28,5,4.19
1968 09 07 16 49 57.00,Savonese,12,44.201,8.361,5,4.39
1969 01 06 22 03 28.00,Appennino pistoiese,74,44.049,10.727,06/07/20,4.67
1969 01 10 16 17 32.00,Pianura Ravennate,22,44.39,11.983,5,4.38
1969 02 15 08 54 39.00,Mugello,5,44.057,11.367,04/05/20,4.56
1969 06 24 13 25 18.00,Parmense,15,44.731,10.139,5,4.21
1969 08 09 09 20 57.00,Appennino tosco-romagnolo,33,43.76,11.962,5,4.2
1970 02 09 07 39,Appennino forlivese,30,44.002,11.901,05/06/20,4.5
1970 04 19 18 16 32.00,Garda occidentale,65,45.605,10.527,5,4.55
1970 05 03 04 17 41.00,Parmense,3,44.707,10.299,4,4.08
1970 08 19 12 19,Colline Metallifere,26,43.252,10.788,6,4.68
1970 11 02 08 42 12.00,Bassa modenese,3,44.853,11.167,04/05/20,3.93
1970 12 31 22 04 46.00,Liguria occidentale,79,44.138,8.137,6,4.62
1971 01 06 11 10 55.00,Oltrepò Pavese,23,45.05,9.238,04/05/20,3.85
1971 02 01 12 26 55.00,Cuneese,22,44.403,7.456,5,4.39
1971 07 15 01 33 23.00,Parmense,228,44.814,10.345,8,5.51
1971 09 11 23 18 12.00,Pianura emiliana,15,44.764,10.862,5,4.19
1971 09 25 10 34 02.40,Mar Ligure,31,44.111,8.652,05/06/20,4.33
1972 01 18 23 26,Liguria occidentale,41,44.203,8.162,06/07/20,4.6
1972 06 25 17 10 47.87,Parmense,,44.638,10.303,,4.01
1972 10 25 21 56 11.31,Appennino settentrionale,198,44.503,9.865,5,4.87
1973 04 20 16 45 34.00,Fiorentino,10,43.844,11.226,5,4.38
1973 06 05 13 47 25.36,Appennino piacentino,,44.672,9.479,,4.28
1973 11 07 17 06 17.00,Pistoiese,9,44.018,10.832,4,4.06
1974 01 28 19 57 22.00,Appennino pistoiese,18,43.99,10.786,5,4.31
1974 04 15 21 49 12.00,Alta Val di Taro,13,44.559,9.748,5,4.14
1974 06 30 19 05 22.00,Appennino pistoiese,3,44.1,10.738,4,4.01
1975 01 11 15 54,Monte Baldo,13,45.622,10.732,05/06/20,4.42
1975 04 04 09 10 53.00,Appennino pistoiese,6,43.971,11.004,4,4.07
1975 06 01 13 25 50.33,Val Lagarina,,45.63,10.87,,
1975 11 13 19 55 14.00,Appennino piacentino,7,44.659,9.626,05/06/20,4.36
1975 11 16 13 04 25.14,Appennino piacentino,10,44.749,9.519,04/05/20,4.93
1976 08 22 02 49 13.00,Alta Val di Taro,26,44.499,9.762,5,4.54
1976 12 13 05 24,Garda settentrionale,128,45.894,10.799,7,4.9
1976 12 14 08 57,Garda settentrionale,4,45.882,10.783,04/05/20,3.87
1978 12 05 15 39 04.00,Romagna,34,44.124,11.891,04/05/20,4.61
1978 12 25 22 53 41.00,Bassa modenese,28,44.845,10.99,5,4.39
1979 02 09 14 44,Bergamasco,73,45.637,9.555,6,4.78
1979 11 17 20 53,Lago d'Iseo,17,45.745,9.994,05/06/20,4.37
1980 06 07 18 35 01.00,Garfagnana,102,44.07,10.564,06/07/20,4.64
1980 12 23 12 01 06.00,Piacentino,69,44.808,9.787,06/07/20,4.57
1981 05 26 09 27 56.00,Reggiano,6,44.655,10.434,5,3.75
1982 08 06 13 29 34.13,Monferrato,,44.923,8.168,,4.15
1982 09 01 15 33 18.00,Valle del Serchio,47,43.932,10.53,05/06/20,4.21
1983 01 03 17 03 04.77,Valsassina,,45.965,9.424,,4.27
1983 07 21 13 31 22.20,Prealpi Vicentine,3,45.846,11.324,,4.44
1983 11 09 16 29 52.00,Parmense,850,44.755,10.265,06/07/20,5.04
1984 04 22 17 39 21.00,Costa pisano-livornese,39,43.558,10.229,6,4.61
1984 04 22 19 45 41.70,Costa pisano-livornese,6,43.58,10.381,5,4.1
1984 05 01 22 14 22.56,Costa pisano-livornese,16,43.561,10.296,5,3.89
1984 05 21 14 07 44.67,Costa pisano-livornese,1,43.408,10.278,,3.97
1984 08 03 23 15 32.00,Garfagnana,4,44.152,10.275,04/05/20,3.3
1985 01 23 10 10 16.55,Garfagnana,73,44.085,10.449,6,4.6
1985 07 10 13 53 29.30,Appennino parmense,1,44.558,9.672,05/06/20,3.76
1985 07 21 06 16 44.76,Appennino parmense,1,44.608,9.616,05/06/20,3.67
1985 08 08 19 05 17.01,Appennino parmense,2,44.565,9.659,5,3.66
1985 08 15 18 58 03.78,Appennino parmense,7,44.605,9.63,7,4.51
1985 11 24 06 54 04.08,Appennino forlivese,29,43.844,12.017,05/06/20,4.29
1986 05 12 13 03 49.08,Appennino parmense,2,44.596,9.624,5,3.8
1986 10 01 19 53 39.71,Lunigiana,68,44.277,10.125,5,4.46
1986 12 06 17 07 19.77,Ferrarese,604,44.947,11.444,6,4.43
1987 01 22 05 10 50.09,Costa pisano-livornese,157,43.541,10.188,05/06/20,4.15
1987 02 10 21 20 13.74,Lunigiana,54,44.246,10.187,5,4.09
1987 04 24 02 30 27.04,Reggiano,54,44.812,10.691,6,4.64
1987 05 02 20 43 53.32,Reggiano,802,44.81,10.694,6,4.71
1987 05 08 11 10 27.88,Bassa modenese,24,44.861,11.157,6,4.44
1987 05 24 10 23 24.76,Garda occidentale,29,45.726,10.668,6,4.63
1987 07 03 10 46 56.62,Canavese,25,45.409,7.567,6,4.08
1987 07 10 08 09 27.25,Garda settentrionale,15,46.002,10.93,5,4.11
1987 07 11 01 46 52.02,Bassa Bolognese,15,44.771,11.306,5,4.2
1987 07 21 15 16 47.69,Lomellina,,45.098,8.731,,4.82
1988 02 08 11 24 46.14,Garfagnana,75,44.098,10.426,6,4.34
1988 02 08 13 36 44.64,Frignano,43,44.195,10.555,5,4.28
1988 03 15 12 03 16.17,Reggiano,160,44.838,10.724,6,4.57
1988 08 16 07 35 02.59,Alta Val di Taro,,44.475,9.854,,4.08
1989 09 13 21 54 01.50,Prealpi Vicentine,779,45.882,11.264,06/07/20,4.85
1989 09 13 21 54 35.30,Alessandrino,,44.856,8.673,,4.55
1989 10 03 09 41 32.85,Appennino parmense,91,44.461,10.058,4,4.04
1990 02 11 07 00 38.00,Torinese,201,44.918,7.558,6,4.69
1990 06 24 05 52 30.89,Colline Metallifere,5,43.186,10.815,04/05/20,3.56
1991 01 14 07 38 36.65,Casentino,62,43.781,11.853,5,4.26
1991 10 31 09 31 18.63,Emilia occidentale,134,44.939,9.997,5,4.33
1992 04 17 11 59 07.29,Appennino bolognese,56,44.432,11.011,04/05/20,4.11
1992 05 20 01 21 13.00,Garfagnana,14,44.181,10.255,04/05/20,3.14
1992 06 17 00 47 08.31,Valli di Lanzo,26,45.191,7.49,04/05/20,3.35
1993 06 14 12 28 36.10,Val d'Ossola,139,45.964,8.283,05/06/20,4.34
1993 07 17 05 46 04.15,Liguria occidentale,4,44.213,8.243,5,3.88
1993 07 17 10 34 59.70,Liguria occidentale,336,44.199,8.245,5,4.34
1993 08 06 07 51 47.61,Colline Metallifere,35,43.291,10.944,05/06/20,4.03
1993 11 05 02 01 03.79,Cesenate,10,44.194,12.205,,3.99
1993 11 07 23 21 11.72,Cesenate,36,44.181,12.18,04/05/20,3.95
1993 11 09 13 46 24.39,Cesenate,28,44.141,12.269,04/05/20,3.93
1993 12 09 18 16 50.88,Lago d'Iseo,175,45.773,10.167,5,4.11
1994 10 24 23 22 47.70,Val Lagarina,75,45.936,11.213,5,4.15
1995 02 01 20 24 06.96,Val di Pesa,,43.663,11.182,,4.93
1995 03 03 16 16 40.02,Lunigiana,43,44.366,10.006,5,4.2
1995 08 24 17 27 33.00,Appennino pistoiese,56,44.133,10.961,6,4.45
1995 10 10 06 54 21.72,Lunigiana,341,44.109,9.997,7,4.82
1995 10 29 13 00 27.69,Lago d'Iseo,408,45.723,9.849,05/06/20,4.35
1995 11 21 04 04 34.57,Torinese,64,45.066,7.427,05/06/20,4.07
1995 12 09 23 14 36.68,Langhe,,44.706,7.954,,4.28
1995 12 27 23 44 27.69,Forlivese,37,44.156,12.113,5,3.97
1995 12 31 21 29 47.60,Appennino reggiano,96,44.422,10.566,04/05/20,4.51
1996 03 14 01 56 37.25,Appennino tosco-romagnolo,20,44.219,11.452,04/05/20,3.56
1996 07 11 19 09 26.37,Lunigiana,80,44.153,9.941,5,4.06
1996 10 15 09 55 59.95,Pianura emiliana,135,44.798,10.678,7,5.38
1996 10 15 10 19 44.10,Pianura emiliana,,44.815,10.691,,4.1
1996 10 15 12 18 24.22,Pianura emiliana,,44.803,10.677,,4.38
1996 10 16 00 24 29.10,Pianura emiliana,,44.826,10.7,,4.16
1996 10 26 04 56 54.10,Pianura emiliana,63,44.853,10.699,05/06/20,3.94
1996 10 26 06 50 26.94,Pianura emiliana,35,44.776,10.88,05/06/20,3.63
1996 11 25 19 47 22.75,Liguria occidentale,18,44.166,8.506,,4.01
1996 11 25 19 47 53.85,Pianura emiliana,65,44.787,10.715,05/06/20,4.29
1996 12 16 09 09 53.08,Pianura emiliana,115,44.814,10.693,05/06/20,4.06
1997 04 16 06 45 50.66,Appennino reggiano,,44.501,10.716,,4.06
1997 05 12 22 13 52.50,Pianura emiliana,56,44.781,10.63,04/05/20,3.68
1997 12 24 17 53 10.12,Garfagnana,98,44.168,10.487,5,4.33
1998 02 21 02 21 13.30,Pianura emiliana,104,44.777,10.723,5,3.93
1998 05 20 11 07 41.83,Colline Metallifere,31,43.081,10.81,04/05/20,4.19
1999 01 25 22 45 58.08,Appennino forlivese,97,43.98,11.962,5,4.36
1999 07 07 17 16 12.59,Frignano,32,44.292,10.852,5,4.67
2000 05 02 08 48 50.89,Faentino,,44.203,11.924,,4.1
2000 05 06 22 07 03.78,Faentino,85,44.243,11.973,5,4.08
2000 05 07 00 44 50.17,Faentino,,44.202,11.884,,4.57
2000 05 08 12 29 56.20,Faentino,126,44.279,11.917,5,4.67
2000 05 09 17 51 21.02,Faentino,,44.235,11.919,,4.22
2000 05 10 16 52 11.60,Faentino,151,44.243,11.932,05/06/20,4.82
2000 05 11 11 57 16.32,Faentino,,44.274,11.904,,4.16
2000 05 12 11 26 39.23,Faentino,,44.315,11.939,,4.29
2000 06 18 07 42 07.68,Pianura emiliana,304,44.785,10.746,05/06/20,4.4
2000 06 18 08 14 23.95,Pianura emiliana,,44.693,10.633,,4.88
2000 08 03 09 56 40.85,Liguria occidentale,,44.257,8.189,,4.28
2000 08 21 17 14,Monferrato,595,44.911,8.38,6,4.94
2000 10 03 01 12 36.56,Frignano,62,44.333,10.656,5,4.22
2001 02 06 22 28 44.36,Mar Ligure,47,44.071,8.646,04/05/20,4.17
2001 07 18 22 47 10.71,Monferrato,253,44.801,8.427,5,4.23
2002 06 08 20 13 07.10,Frignano,115,44.274,10.617,4,4.23
2002 06 18 22 23 38.10,Frignano,186,44.395,10.683,4,4.3
2002 06 19 22 11 15.57,Frignano,52,44.413,10.681,3,4.03
2002 11 02 10 57 44.89,Ferrarese,79,44.593,12.143,4,4.21
2002 11 13 10 48 03.19,Franciacorta,768,45.65,10.141,5,4.21
2003 01 26 19 57 03.21,Appennino forlivese,35,43.883,11.96,6,4.66
2003 01 26 20 01 15.42,Appennino forlivese,,43.887,11.95,,4.19
2003 01 26 20 15 03.07,Appennino forlivese,63,43.875,11.959,05/06/20,4.5
2003 01 29 23 50 16.38,Appennino forlivese,71,43.898,11.926,04/05/20,4.06
2003 04 11 09 26 57.78,Valle Scrivia,78,44.758,8.868,06/07/20,4.81
2003 06 30 07 03 41.21,Costa pisano-livornese,,43.651,10.189,,4.17
2003 09 14 21 42 53.18,Appennino bolognese,133,44.255,11.38,6,5.24
2003 09 15 00 02 34.52,Appennino bolognese,,44.273,11.404,,4.01
2003 12 07 10 20 33.04,Forlivese,165,44.162,12.18,5,4.18
2004 11 24 22 59 38.55,Garda occidentale,176,45.685,10.521,07/08/20,4.99
2005 04 13 18 46 07.69,Valle del Trebbia,163,44.69,9.326,4,3.68
2005 04 18 10 59 18.56,Valle del Trebbia,284,44.724,9.348,4,3.97
2005 07 05 12 33 50.80,Canavese,92,45.326,7.682,5,3.48
2005 07 15 15 17 18.00,Forlivese,173,44.207,12.117,04/05/20,4.29
2006 04 16 21 15 02.78,Appennino forlivese,,43.957,11.798,,4.46
2006 04 17 21 42 58.25,Costa pisano-livornese,,43.621,10.213,,4.16
2007 05 09 06 03 49.66,Pianura emiliana,,44.801,10.478,,4.21
2007 07 30 19 05 43.08,Pianura emiliana,,44.898,10.003,,4.45
2007 12 28 04 05 43.55,Appennino parmense,,44.51,10.133,,4.18
2008 03 01 07 43 13.08,Mugello,,44.063,11.253,,4.72
2008 03 01 08 08 05.33,Mugello,,44.082,11.267,,4.04
2008 03 01 08 43 46.60,Mugello,,44.046,11.227,,4.24
2008 03 01 10 43 06.07,Mugello,,44.054,11.203,,4.05
2008 03 26 09 19 30.57,Lunigiana,,44.342,9.81,,4.18
2008 12 23 15 24 21.77,Parmense,291,44.544,10.345,06/07/20,5.36
2008 12 23 21 58 26.57,Parmense,,44.527,10.355,,4.81
2008 12 23 23 37 06.00,Parmense,,44.582,10.256,,4.08
2008 12 25 03 08 29.80,Parmense,,44.556,10.309,,4.09
2009 04 05 20 20 53.35,Faentino,,44.23,11.913,,4.71
2009 04 19 12 39 50.08,Langhe,,44.735,7.868,,4.21
2009 09 14 20 04 31.03,Mugello,,44.025,11.275,,4.4
2009 10 19 10 08 49.64,Piacentino,,44.814,9.772,,4.12
2010 09 05 07 07 23.42,Appennino forlivese,,44.126,12.156,,4
2011 05 24 22 03 51.98,Appennino forlivese,,43.867,12.033,,4.15
2011 07 12 06 53 22.47,Appennino forlivese,,43.927,11.855,,4.29
2011 07 12 07 15 08.33,Appennino forlivese,,43.934,11.856,,4.18
2011 07 17 18 30 27.31,Pianura lombardo-veneta,73,45.01,11.367,5,4.79
2011 10 20 06 11 18.86,Appennino ligure,,44.521,9.393,,4.22
2011 10 29 04 13 34.35,Val Lagarina,,45.712,10.911,,4.07
2012 01 24 23 54 46.03,Verona,,45.528,10.985,,4.07
2012 01 25 08 06 37.09,Pianura emiliana,25,44.871,10.51,05/06/20,4.98
2012 01 27 14 53 12.74,Appennino parmense,,44.523,10.009,,5.05
2012 03 05 15 15 06.99,Appennino ligure,,44.494,9.354,,4.27
2012 05 19 23 13 25.62,Pianura emiliana,,44.91,11.247,,4.25
2012 05 20 02 03 50.17,Pianura emiliana,53,44.895,11.263,7,6.09
2012 05 20 02 06 12.05,Pianura emiliana,,44.878,11.12,,4.95
2012 05 20 02 06 26.47,Pianura emiliana,,44.905,11.165,,4.95
2012 05 20 02 07 28.95,Pianura emiliana,,44.873,11.27,,5.17
2012 05 20 02 09 48.35,Pianura emiliana,,44.833,11.34,,4.42
2012 05 20 02 11 45.55,Pianura emiliana,,44.86,11.341,,4.42
2012 05 20 02 12 40.47,Pianura emiliana,,44.87,11.219,,4.42
2012 05 20 02 20 56.52,Pianura emiliana,,44.851,10.948,,4.14
2012 05 20 02 21 50.49,Pianura emiliana,,44.89,11.115,,4.24
2012 05 20 02 25 01.93,Pianura emiliana,,44.85,11.305,,4.04
2012 05 20 02 35 32.44,Pianura emiliana,,44.824,11.478,,4.25
2012 05 20 02 39 07.41,Pianura emiliana,,44.881,11.227,,4.13
2012 05 20 03 02 47.09,Pianura emiliana,,44.859,11.152,,5.04
2012 05 20 09 13 18.49,Pianura emiliana,,44.868,11.236,,4.22
2012 05 20 10 12 18.51,Pianura emiliana,,44.892,11.137,,4.21
2012 05 20 13 18 01.77,Pianura emiliana,,44.813,11.44,,5.16
2012 05 20 13 21 05.31,Pianura emiliana,,44.833,11.351,,4.21
2012 05 20 17 37 14.14,Pianura emiliana,,44.865,11.305,,4.5
2012 05 20 17 38 14.38,Pianura emiliana,,44.879,11.253,,4.56
2012 05 21 16 37 31.36,Pianura emiliana,,44.865,11.305,,4.12
2012 05 23 21 41 18.21,Pianura emiliana,,44.846,11.243,,4.11
2012 05 25 10 31 22.70,Pianura emiliana,,44.841,11.222,,4.03
2012 05 27 20 25 42.74,Pianura emiliana,,44.856,11.167,,4.03
2012 05 29 07 00 02.88,Pianura emiliana,87,44.841,11.065,07/08/20,5.9
2012 05 29 07 07 20.91,Pianura emiliana,,44.846,10.99,,4.1
2012 05 29 08 25 51.48,Pianura emiliana,,44.864,10.947,,4.65
2012 05 29 08 27 22.65,Pianura emiliana,,44.883,11.041,,4.64
2012 05 29 08 40 57.44,Pianura emiliana,,44.869,10.966,,4.27
2012 05 29 08 41 42.33,Pianura emiliana,,44.877,10.946,,4.21
2012 05 29 09 29 37.09,Pianura emiliana,,44.883,11.002,,4.21
2012 05 29 10 03 25.76,Pianura emiliana,,44.857,11.1,,4.1
2012 05 29 10 55 56.55,Pianura emiliana,,44.865,10.979,,5.5
2012 05 29 11 00 01.68,Pianura emiliana,,44.855,10.941,,4.95
2012 05 29 11 00 22.99,Pianura emiliana,,44.866,10.976,,4.88
2012 05 29 11 07 04.63,Pianura emiliana,,44.893,11.033,,4.18
2012 05 29 14 39 40.28,Pianura emiliana,,44.89,11.027,,4.03
2012 05 30 06 00 33.43,Pianura emiliana,,44.9,10.934,,4.05
2012 05 31 19 04 04.00,Pianura emiliana,,44.881,10.984,,4.04
2012 06 03 19 20 43.39,Pianura emiliana,,44.886,10.95,,4.9
2012 06 06 04 08 31.41,Ravenna,,44.399,12.322,,4.21
2012 06 12 01 48 36.14,Modenese,,44.89,10.921,,4.16
2012 10 03 14 41 29.36,Piacentino,,44.782,9.67,,4.52
2013 01 25 14 48 18.27,Garfagnana,,44.164,10.445,,5.01
2013 06 21 10 33 56.07,Lunigiana,27,44.131,10.136,6,5.36
2013 06 21 12 12 39.66,Lunigiana,,44.162,10.135,,4.3
2013 06 23 15 01 33.86,Lunigiana,,44.168,10.2,,4.63
2013 06 30 14 40 08.48,Lunigiana,,44.159,10.186,,4.77
2013 07 11 04 32 20.94,Appennino forlivese,,43.816,12.055,,4.21
2014 09 07 10 45 01.23,Appennino tosco-emiliano,,44.119,10.672,,4.4
2014 12 19 09 39 41.29,Val di Pesa,,43.603,11.24,,4.16
2014 12 19 10 36 30.62,Val di Pesa,,43.606,11.24,,4.33
2015 01 23 06 51 20.34,Appennino bolognese,,44.127,11.12,,4.46
2015 03 04 00 00 04.35,Valdelsa,,43.603,11.175,,3.99
2015 04 24 15 02 53.60,Faentino,,44.249,11.908,,4.19
2015 09 13 01 04 34.97,Val di Pesa,,43.604,11.23,,4.01
2016 06 23 14 37 56.19,Lunigiana,,44.16,9.922,,4.11
2016 10 25 16 53 00.97,Valdelsa,,43.606,11,,4.08
2016 12 09 07 21 50.20,Appennino reggiano,,44.332,10.481,,3.99
2017 06 20 01 37 12.66,Appennino tosco-emiliano,,44.203,11.516,,4.14
2017 11 19 12 37 44.70,Parmense,,44.66,10.033,,4.6
